code,system
138A.00,readv2
138F.00,readv2
138E.00,readv2
138B.00,readv2
8E7C.00,readv2
1389,readv2
138Q.00,readv2
138P.00,readv2
138D.00,readv2
Z658.00,readv2
138R.00,readv2
8CA5000,readv2
8CA4A00,readv2
8E7Z.00,readv2
8E7..00,readv2
ZL45211,readv2
ZL45.00,readv2
ZL45100,readv2
9NNF.00,readv2
ZL45200,readv2
ZL45111,readv2
13B4.00,readv2
8CA4900,readv2
8I81.00,readv2
8Hj0.00,readv2
679R.00,readv2
9NiA.00,readv2
9OLC.00,readv2
8HkX.00,readv2
9OLF.00,readv2
8E79.00,readv2
9NiD.00,readv2
9OLG.00,readv2
8Hj4.00,readv2
9OLM.00,readv2
9OLL.00,readv2
Z65B.00,readv2
9OLB.00,readv2
8I84.00,readv2
8Hj1.00,readv2
8E7A.00,readv2
8CA5200,readv2
9NiE.00,readv2
8Hj5.00,readv2
9OLK.00,readv2
8HHc.00,readv2
ZL82.00,readv2
ZL82200,readv2
9N6t.00,readv2
67W1.00,readv2
8H7q.00,readv2
ZL82111,readv2
8H76.00,readv2
ZL82.12,readv2
ZL82211,readv2
ZL82.11,readv2
ZL82100,readv2
8H76000,readv2
1383,readv2
13CR.00,readv2
8HgF.00,readv2
ZLDH.00,readv2
66AY.00,readv2
13A4.00,readv2
8CA4200,readv2
9NJ6.00,readv2
ZA11925,readv2
13B..00,readv2
8CA4700,readv2
1F11.00,readv2
13B1.00,readv2
ZC2..12,readv2
8CA4600,readv2
ZC2..11,readv2
8CA4.00,readv2
8CE4.00,readv2
8B5A.00,readv2
8CA4z00,readv2
8CA4100,readv2
1384,readv2
13CS.00,readv2
8B5C.11,readv2
8B5C011,readv2
ZC2CA00,readv2
ZC2C.00,readv2
ZC2..00,readv2
ZC2C100,readv2
1F7Z.00,readv2
8CA4000,readv2
13A3.00,readv2
ZRBB.11,readv2
13AC.00,readv2
8B57.00,readv2
ZC2C700,readv2
1385,readv2
138H.00,readv2
03K1.00,readv2
9N0H.00,readv2
66A8.00,readv2
9N27.00,readv2
13CT.00,readv2
13CQ.00,readv2
8B91.00,readv2
8B93.00,readv2
8B96.00,readv2
8B94.00,readv2
8B92.00,readv2
8BAH.00,readv2
Z6D3100,readv2
8581,readv2
ZG16100,readv2
8E71.00,readv2
Z68..00,readv2
8CA5.00,readv2
8582,readv2
8E72.00,readv2
ZG16.00,readv2
Z67..00,readv2
138G.00,readv2
Z67..11,readv2
ZC2CO00,readv2
ZC2C711,readv2
138Z.00,readv2
138..00,readv2
8H7q000,readv2
8E7B.00,readv2
ZV65317,readv2
ZV65300,readv2
ZV65314,readv2
ZC2CI00,readv2
13AB.00,readv2
ZC2CJ00,readv2
ZLEH.00,readv2
8HgL.00,readv2
ZLEH200,readv2
ZV65318,readv2
ZV65313,readv2
ZC4..00,readv2
1FH..00,readv2
ZLDH200,readv2
ZLDH211,readv2
Z66..00,readv2
8B5Z.00,readv2
ZV65319,readv2
ZC2CM00,readv2
66C4.00,readv2
8B5C.00,readv2
1F7..00,readv2
67H7.00,readv2
67H2.00,readv2
8E8Z.00,readv2
8E8..00,readv2
66At.00,readv2
66At100,readv2
66At111,readv2
9NJi.00,readv2
9NJh.00,readv2
ZLDH111,readv2
ZLDH100,readv2
ZLEH100,readv2
ZC33.00,readv2
ZC36.00,readv2
ZC35.00,readv2
ZV65312,readv2
ZC2C800,readv2
13A..00,readv2
6798,readv2
13AZ.00,readv2
6799,readv2
8CA4V11,readv2
Z6D1.00,readv2
Z65..00,readv2